"District","Turnout","Outcome","FPTP.Winner","FPTP.Winner.Votes","AV.Winner","AV.Winner.Votes","Rounds"
"Aberavon","30958","Unaltered","Lab","16073","Lab","16073","1"
"Aberconwy","29966","Unaltered","Con","10734","Con","16794","5"
"Aberdeen North","37701","Unaltered","Lab","16746","Lab","17014","5"
"Aberdeen South","43034","Altered","Lab","15722","LD","21245","6"
"Aberdeenshire West & Kincardine","45195","Unaltered","LD","17362","LD","23521","4"
"Airdrie & Shotts","35849","Unaltered","Lab","20849","Lab","20849","1"
"Aldershot","45384","Unaltered","Con","21203","Con","23244","4"
"Aldridge-Brownhills","38634","Unaltered","Con","22913","Con","22913","1"
"Altrincham & Sale West","49393","Unaltered","Con","24176","Con","25739","2"
"Alyn & Deeside","39923","Unaltered","Lab","15804","Lab","19109","5"
"Amber Valley","45958","Unaltered","Con","17746","Con","28538","5"
"Angus","37960","Altered","SNP","15020","Con","16405","4"
"Antrim East","30502","Unaltered","DUP","13993","DUP","15666","5"
"Antrim North","42397","Unaltered","DUP","19672","DUP","24979","5"
"Antrim South","34009","Unaltered","DUP","11536","DUP","12876","5"
"Arfon","26078","Altered","PC","9383","Lab","11594","4"
"Argyll & Bute","45207","Unaltered","LD","14292","LD","25157","6"
"Arundel & South Downs","55982","Unaltered","Con","32333","Con","32333","1"
"Ashfield","48196","Altered","Lab","16239","LD","24165","6"
"Ashford","55185","Unaltered","Con","29878","Con","29878","1"
"Ashton Under Lyne","38432","Unaltered","Lab","18604","Lab","22892","4"
"Aylesbury","53162","Unaltered","Con","27736","Con","27736","1"
"Ayr, Carrick & Cumnock","45893","Unaltered","Lab","21632","Lab","24880","2"
"Ayrshire Central","43915","Unaltered","Lab","20950","Lab","26186","3"
"Ayrshire North & Arran","46116","Unaltered","Lab","21860","Lab","25306","3"
"Banbury","56241","Unaltered","Con","29703","Con","29703","1"
"Banff & Buchan","38466","Altered","SNP","15868","Con","17216","4"
"Barking","45343","Unaltered","Lab","24628","Lab","24628","1"
"Barnsley Central","37001","Unaltered","Lab","17487","Lab","20711","7"
"Barnsley East","38386","Unaltered","Lab","18059","Lab","23320","7"
"Barrow & Furness","44124","Altered","Lab","21226","Con","22123","6"
"Basildon & Billericay","41569","Unaltered","Con","21922","Con","21922","1"
"Basildon South & Thurrock East","44735","Unaltered","Con","19624","Con","24781","4"
"Basingstoke","50654","Unaltered","Con","25590","Con","25590","1"
"Bassetlaw","49577","Unaltered","Lab","25018","Lab","25018","1"
"Bath","47086","Unaltered","LD","26651","LD","26651","1"
"Batley & Spen","51109","Altered","Lab","21565","Con","26936","4"
"Battersea","48792","Unaltered","Con","23103","Con","27214","6"
"Beaconsfield","52490","Unaltered","Con","32053","Con","32053","1"
"Beckenham","47686","Unaltered","Con","27597","Con","27597","1"
"Bedford","45102","Unaltered","Con","17546","Con","26173","6"
"Bedfordshire Mid","54897","Unaltered","Con","28815","Con","28815","1"
"Bedfordshire North East","55552","Unaltered","Con","30989","Con","30989","1"
"Bedfordshire South West","50774","Unaltered","Con","26815","Con","26815","1"
"Belfast East","34488","Unaltered","APNI","12839","APNI","20961","5"
"Belfast North","36993","Unaltered","DUP","14812","DUP","18570","4"
"Belfast South","34186","Unaltered","SDLP","14026","SDLP","17641","3"
"Belfast West","32133","Unaltered","SF","22840","SF","22840","1"
"Bermondsey & Old Southwark","44651","Unaltered","LD","21590","LD","29752","6"
"Berwick-upon-Tweed","38439","Unaltered","LD","16806","LD","21867","4"
"Berwickshire, Roxburgh & Selkirk","49014","Unaltered","LD","22230","LD","27233","5"
"Bethnal Green & Bow","50728","Unaltered","Lab","21784","Lab","28435","10"
"Beverley & Holderness","53199","Unaltered","Con","25063","Con","26908","4"
"Bexhill & Battle","54587","Unaltered","Con","28147","Con","28147","1"
"Bexleyheath & Crayford","43182","Unaltered","Con","21794","Con","21794","1"
"Birkenhead","35323","Unaltered","Lab","22082","Lab","22082","1"
"Birmingham Edgbaston","41571","Altered","Lab","16894","Con","22384","7"
"Birmingham Erdington","35546","Unaltered","Lab","14869","Lab","20611","7"
"Birmingham Hall Green","48727","Unaltered","Lab","16039","Lab","28279","5"
"Birmingham Hodge Hill","42472","Unaltered","Lab","22077","Lab","22077","1"
"Birmingham Ladywood","35833","Unaltered","Lab","19950","Lab","19950","1"
"Birmingham Northfield","41814","Altered","Lab","16841","Con","22573","6"
"Birmingham Perry Barr","42045","Unaltered","Lab","21142","Lab","21142","1"
"Birmingham Selly Oak","46563","Altered","Lab","17950","Con","24781","6"
"Birmingham Yardley","40850","Unaltered","LD","16162","LD","23998","5"
"Bishop Auckland","41136","Unaltered","Lab","16023","Lab","20687","5"
"Blackburn","45499","Unaltered","Lab","21751","Lab","26900","7"
"Blackley & Broughton","34204","Unaltered","Lab","18563","Lab","18563","1"
"Blackpool North & Cleveleys","40591","Unaltered","Con","16964","Con","22685","5"
"Blackpool South","35192","Unaltered","Lab","14449","Lab","18310","5"
"Blaenau Gwent","32395","Unaltered","Lab","16974","Lab","16974","1"
"Blaydon","44913","Unaltered","Lab","22297","Lab","22297","3"
"Blyth Valley","38566","Unaltered","Lab","17156","Lab","17156","6"
"Bognor Regis & Littlehampton","46852","Unaltered","Con","24087","Con","24087","1"
"Bolsover","43988","Unaltered","Lab","21994","Lab","25443","4"
"Bolton North East","43277","Unaltered","Lab","19870","Lab","24052","4"
"Bolton South East","39604","Unaltered","Lab","18782","Lab","25539","6"
"Bolton West","47576","Altered","Lab","18327","Con","24138","6"
"Bootle","41277","Unaltered","Lab","27426","Lab","27426","1"
"Boston & Skegness","43125","Unaltered","Con","21325","Con","23603","3"
"Bosworth","54274","Altered","Con","23132","LD","26774","6"
"Bournemouth East","44024","Unaltered","Con","21320","Con","24347","3"
"Bournemouth West","41659","Unaltered","Con","18808","Con","21807","3"
"Bracknell","52136","Unaltered","Con","27327","Con","27327","1"
"Bradford East","40457","Unaltered","LD","13637","LD","24497","6"
"Bradford South","37995","Unaltered","Lab","15682","Lab","20927","5"
"Bradford West","40576","Unaltered","Lab","18401","Lab","22375","7"
"Braintree","49203","Unaltered","Con","25901","Con","25901","1"
"Brecon & Radnorshire","38845","Unaltered","LD","17929","LD","22846","7"
"Brent Central","45323","Unaltered","LD","20026","LD","25622","6"
"Brent North","52298","Unaltered","Lab","24514","Lab","27386","7"
"Brentford & Isleworth","53765","Altered","Con","20022","Lab","28131","9"
"Brentwood & Ongar","50592","Unaltered","Con","28793","Con","28793","1"
"Bridgend","38347","Unaltered","Lab","13931","Lab","20478","5"
"Bridgwater & Somerset West","54493","Unaltered","Con","24675","Con","28561","5"
"Brigg & Goole","43874","Unaltered","Con","19680","Con","22927","3"
"Brighton Kemptown","42705","Altered","Con","16217","Lab","21068","5"
"Brighton Pavilion","51834","Unaltered","Grn","16238","Grn","19781","7"
"Bristol East","45017","Unaltered","Lab","16471","Lab","28077","7"
"Bristol North West","50336","Altered","Con","19115","LD","29148","5"
"Bristol South","48377","Unaltered","Lab","18600","Lab","33682","7"
"Bristol West","55347","Unaltered","LD","26593","LD","37271","6"
"Broadland","52676","Unaltered","Con","24338","Con","27591","4"
"Bromley & Chislehurst","44037","Unaltered","Con","23569","Con","23569","1"
"Bromsgrove","51630","Unaltered","Con","22558","Con","27431","6"
"Broxbourne","45658","Unaltered","Con","26844","Con","26844","1"
"Broxtowe","52727","Unaltered","Con","20585","Con","27693","5"
"Buckingham","48335","Unaltered","Speaker","22860","Speaker","22860","10"
"Burnley","41845","Unaltered","LD","14932","LD","20138","6"
"Burton","49823","Unaltered","Con","22188","Con","26048","3"
"Bury North","44961","Unaltered","Con","18070","Con","24991","6"
"Bury South","48267","Unaltered","Lab","19508","Lab","26615","6"
"Bury St Edmunds","58718","Unaltered","Con","27899","Con","30902","3"
"Caerphilly","38692","Unaltered","Lab","17377","Lab","21669","4"
"Caithness, Sutherland & Easter Ross","28768","Unaltered","LD","11907","LD","15651","3"
"Calder Valley","51780","Unaltered","Con","20397","Con","26786","8"
"Camberwell & Peckham","46659","Unaltered","Lab","27619","Lab","27619","1"
"Camborne & Redruth","42493","Altered","Con","15969","LD","23429","6"
"Cambridge","50130","Unaltered","LD","19621","LD","33336","6"
"Cambridgeshire North East","52064","Unaltered","Con","26862","Con","26862","1"
"Cambridgeshire North West","58283","Unaltered","Con","29425","Con","29425","1"
"Cambridgeshire South","59056","Unaltered","Con","27995","Con","29868","3"
"Cambridgeshire South East","57602","Unaltered","Con","27629","Con","30256","5"
"Cannock Chase","45559","Unaltered","Con","18271","Con","25949","7"
"Canterbury","49209","Altered","Con","22050","LD","25079","5"
"Cardiff Central","36151","Unaltered","LD","14976","LD","23018","8"
"Cardiff North","47630","Unaltered","Con","17860","Con","24534","6"
"Cardiff South & Penarth","44369","Altered","Lab","17262","Con","22089","8"
"Cardiff West","40958","Unaltered","Lab","16894","Lab","23299","5"
"Carlisle","42200","Unaltered","Con","16589","Con","21960","7"
"Carmarthen East & Dinefwr","38011","Unaltered","PC","13546","PC","15891","4"
"Carmarthen West & Pembrokeshire South","40507","Unaltered","Con","16649","Con","22495","5"
"Carshalton & Wallington","45918","Unaltered","LD","22180","LD","26550","5"
"Castle Point","45026","Unaltered","Con","19806","Con","26243","3"
"Ceredigion","38258","Unaltered","LD","19139","LD","19139","1"
"Charnwood","53542","Unaltered","Con","26560","Con","28359","2"
"Chatham & Aylesford","43807","Unaltered","Con","20230","Con","23309","6"
"Cheadle","52512","Unaltered","LD","24717","LD","29637","3"
"Chelmsford","54593","Unaltered","Con","25207","Con","27887","6"
"Chelsea & Fulham","39856","Unaltered","Con","24093","Con","24093","1"
"Cheltenham","52786","Unaltered","LD","26659","LD","26659","1"
"Chesham & Amersham","52444","Unaltered","Con","31658","Con","31658","1"
"Chester, City of","46790","Unaltered","Con","18995","Con","27536","6"
"Chesterfield","45839","Altered","Lab","17891","LD","25003","6"
"Chichester","56787","Unaltered","Con","31427","Con","31427","1"
"Chingford & Woodford Green","43106","Unaltered","Con","22743","Con","22743","1"
"Chippenham","52385","Unaltered","LD","23970","LD","28036","7"
"Chipping Barnet","50608","Unaltered","Con","24700","Con","26142","4"
"Chorley","49774","Unaltered","Lab","21515","Lab","26777","4"
"Christchurch","49416","Unaltered","Con","27888","Con","27888","1"
"Cities of London & Westminster","36931","Unaltered","Con","19264","Con","19264","1"
"Clacton","43123","Unaltered","Con","22867","Con","22867","1"
"Cleethorpes","44966","Unaltered","Con","18939","Con","26224","3"
"Clwyd South","34681","Unaltered","Lab","13311","Lab","21549","5"
"Clwyd West","38111","Unaltered","Con","15833","Con","22522","6"
"Coatbridge, Chryston & Bellshill","41635","Unaltered","Lab","27728","Lab","27728","1"
"Colchester","46139","Unaltered","LD","22151","LD","28525","8"
"Colne Valley","55296","Altered","Con","20440","LD","30864","6"
"Congleton","50780","Unaltered","Con","23250","Con","25397","5"
"Copeland","42787","Unaltered","Lab","19699","Lab","23392","5"
"Corby","54236","Unaltered","Con","22886","Con","31319","3"
"Cornwall North","46844","Unaltered","LD","22512","LD","24483","3"
"Cornwall South East","49617","Unaltered","Con","22390","Con","25473","4"
"Cotswolds, The","54832","Unaltered","Con","29075","Con","29075","1"
"Coventry North East","43383","Unaltered","Lab","21384","Lab","26737","6"
"Coventry North West","46560","Unaltered","Lab","19936","Lab","28777","8"
"Coventry South","45924","Unaltered","Lab","19197","Lab","24018","5"
"Crawley","47504","Unaltered","Con","21264","Con","23897","6"
"Crewe & Nantwich","51084","Unaltered","Con","23420","Con","25877","4"
"Croydon Central","49667","Unaltered","Con","19567","Con","25416","9"
"Croydon North","51676","Unaltered","Lab","28947","Lab","28947","1"
"Croydon South","56322","Unaltered","Con","28684","Con","28684","1"
"Cumbernauld, Kilsyth & Kirkintilloch East","41150","Unaltered","Lab","23549","Lab","23549","1"
"Cynon Valley","29876","Unaltered","Lab","15681","Lab","15681","1"
"Dagenham & Rainham","44232","Altered","Lab","17813","Con","24597","7"
"Darlington","42896","Unaltered","Lab","16891","Lab","21959","4"
"Dartford","50080","Unaltered","Con","24428","Con","26270","4"
"Daventry","51774","Unaltered","Con","29252","Con","29252","1"
"Delyn","36984","Unaltered","Lab","15083","Lab","20751","5"
"Denton & Reddish","37635","Unaltered","Lab","19191","Lab","19191","1"
"Derby North","45080","Altered","Lab","14896","Con","23406","6"
"Derby South","41188","Unaltered","Lab","17851","Lab","22111","4"
"Derbyshire Dales","46780","Unaltered","Con","24378","Con","24378","1"
"Derbyshire Mid","47342","Unaltered","Con","22877","Con","25506","4"
"Derbyshire North East","47034","Altered","Lab","17948","Con","29086","3"
"Derbyshire South","50419","Unaltered","Con","22935","Con","26334","4"
"Devizes","46340","Unaltered","Con","25519","Con","25519","1"
"Devon Central","53873","Unaltered","Con","27737","Con","27737","1"
"Devon East","53092","Unaltered","Con","25662","Con","30008","3"
"Devon North","51321","Unaltered","LD","24305","LD","27673","7"
"Devon South West","49860","Unaltered","Con","27908","Con","27908","1"
"Devon West & Torridge","55257","Unaltered","Con","25230","Con","28828","5"
"Dewsbury","54008","Unaltered","Con","18898","Con","25148","6"
"Don Valley","43420","Unaltered","Lab","16472","Lab","22134","6"
"Doncaster Central","41745","Altered","Lab","16569","Con","21922","7"
"Doncaster North","41483","Unaltered","Lab","19637","Lab","24294","6"
"Dorset Mid & Poole North","46788","Unaltered","LD","21100","LD","23848","3"
"Dorset North","54141","Unaltered","Con","27640","Con","27640","1"
"Dorset South","50310","Unaltered","Con","22667","Con","34258","5"
"Dorset West","57337","Unaltered","Con","27287","Con","29483","3"
"Dover","50385","Unaltered","Con","22174","Con","25441","6"
"Down North","33481","Unaltered","Ind1","21181","Ind1","21181","1"
"Down South","42589","Unaltered","SDLP","20648","SDLP","21838","3"
"Dudley North","38602","Altered","Lab","14923","Con","19613","4"
"Dudley South","38165","Unaltered","Con","16450","Con","19582","2"
"Dulwich & West Norwood","48214","Altered","Lab","22461","LD","24460","4"
"Dumfries & Galloway","52173","Unaltered","Lab","23950","Lab","26239","3"
"Dumfriesshire, Clydesdale & Tweeddale","45892","Altered","Con","17457","Lab","20634","5"
"Dunbartonshire East","47948","Unaltered","LD","18551","LD","25982","4"
"Dunbartonshire West","42266","Unaltered","Lab","25905","Lab","25905","1"
"Dundee East","40568","Altered","SNP","15350","Lab","18450","6"
"Dundee West","37126","Unaltered","Lab","17994","Lab","21122","5"
"Dunfermline & Fife West","48947","Unaltered","Lab","22639","Lab","22639","4"
"Durham, City of","46252","Altered","Lab","20496","LD","23575","5"
"Durham North","40967","Unaltered","Lab","20698","Lab","20698","1"
"Durham North West","43815","Unaltered","Lab","18539","Lab","29466","5"
"Dwyfor Meirionnydd","28906","Unaltered","PC","12814","PC","15455","4"
"Ealing Central & Acton","47200","Unaltered","Con","17944","Con","28444","6"
"Ealing North","47678","Unaltered","Lab","24023","Lab","24023","1"
"Ealing Southall","42756","Unaltered","Lab","22024","Lab","22024","1"
"Easington","34914","Unaltered","Lab","20579","Lab","20579","1"
"East Ham","50373","Unaltered","Lab","35471","Lab","35471","1"
"East Kilbride, Strathaven & Lesmahagow","50946","Unaltered","Lab","26241","Lab","26241","1"
"East Lothian","49161","Unaltered","Lab","21919","Lab","26868","5"
"Eastbourne","52124","Unaltered","LD","24658","LD","27155","7"
"Eastleigh","53650","Unaltered","LD","24966","LD","30119","6"
"Eddisbury","45414","Unaltered","Con","23472","Con","23472","1"
"Edinburgh East","39865","Unaltered","Lab","17314","Lab","18334","5"
"Edinburgh North & Leith","47356","Altered","Lab","17740","LD","23350","8"
"Edinburgh South","43801","Altered","Lab","15215","LD","24767","4"
"Edinburgh South West","45462","Unaltered","Lab","19473","Lab","26654","6"
"Edinburgh West","46447","Unaltered","LD","16684","LD","27451","3"
"Edmonton","40377","Unaltered","Lab","21665","Lab","21665","1"
"Ellesmere Port & Neston","44233","Unaltered","Lab","19750","Lab","23047","4"
"Elmet & Rothwell","55789","Unaltered","Con","23778","Con","31691","5"
"Eltham","41964","Altered","Lab","17416","Con","22695","7"
"Enfield North","44453","Unaltered","Con","18804","Con","25184","9"
"Enfield Southgate","44352","Unaltered","Con","21928","Con","22638","7"
"Epping Forest","46584","Unaltered","Con","25148","Con","25148","1"
"Epsom & Ewell","54955","Unaltered","Con","30868","Con","30868","1"
"Erewash","47642","Unaltered","Con","18805","Con","26155","6"
"Erith & Thamesmead","42476","Unaltered","Lab","19068","Lab","23234","8"
"Esher & Walton","54543","Unaltered","Con","32134","Con","32134","1"
"Exeter","52247","Unaltered","Lab","19942","Lab","26021","6"
"Falkirk","50777","Unaltered","Lab","23207","Lab","27109","3"
"Fareham","54345","Unaltered","Con","30037","Con","30037","1"
"Faversham & Kent Mid","46712","Unaltered","Con","26250","Con","26250","1"
"Feltham & Heston","48536","Unaltered","Lab","21174","Lab","28383","9"
"Fermanagh & South Tyrone","46803","Unaltered","SF","21304","SF","21741","4"
"Fife North East","40064","Unaltered","LD","17763","LD","24632","4"
"Filton & Bradley Stoke","48301","Unaltered","Con","19686","Con","28598","7"
"Finchley & Golders Green","47157","Altered","Con","21688","Lab","24454","4"
"Folkestone & Hythe","52800","Unaltered","Con","26109","Con","27771","4"
"Forest of Dean","48763","Unaltered","Con","22853","Con","25375","3"
"Foyle","37889","Unaltered","SDLP","16922","SDLP","21634","5"
"Fylde","43690","Unaltered","Con","22826","Con","22826","1"
"Gainsborough","49251","Unaltered","Con","24266","Con","25778","2"
"Garston & Halewood","42825","Unaltered","Lab","25493","Lab","25493","1"
"Gateshead","38257","Unaltered","Lab","20712","Lab","20712","1"
"Gedling","48190","Altered","Lab","19821","Con","24700","4"
"Gillingham & Rainham","46786","Unaltered","Con","21624","Con","24752","7"
"Glasgow Central","30580","Unaltered","Lab","15908","Lab","15908","1"
"Glasgow East","32164","Unaltered","Lab","19797","Lab","19797","1"
"Glasgow North","29613","Unaltered","Lab","13181","Lab","13879","6"
"Glasgow North East","29409","Unaltered","Lab","20100","Lab","20100","1"
"Glasgow North West","35582","Unaltered","Lab","19233","Lab","19233","1"
"Glasgow South","40094","Unaltered","Lab","20736","Lab","20736","1"
"Glasgow South West","31781","Unaltered","Lab","19863","Lab","19863","1"
"Glenrothes","40501","Unaltered","Lab","25247","Lab","25247","1"
"Gloucester","50764","Unaltered","Con","20267","Con","27581","5"
"Gordon","48775","Unaltered","LD","17575","LD","27046","4"
"Gosport","46939","Unaltered","Con","24300","Con","24300","1"
"Gower","41671","Altered","Lab","16016","Con","20800","5"
"Grantham & Stamford","52799","Unaltered","Con","26552","Con","26552","1"
"Gravesham","47303","Unaltered","Con","22956","Con","23961","4"
"Great Grimsby","32954","Unaltered","Lab","10777","Lab","18165","6"
"Great Yarmouth","43057","Unaltered","Con","18571","Con","21555","5"
"Greenwich & Woolwich","41188","Unaltered","Lab","20262","Lab","21316","6"
"Guildford","55567","Unaltered","Con","29618","Con","29618","1"
"Hackney North & Stoke Newington","46461","Unaltered","Lab","25553","Lab","25553","1"
"Hackney South & Shoreditch","42858","Unaltered","Lab","23888","Lab","23888","1"
"Halesowen & Rowley Regis","43979","Unaltered","Con","18115","Con","24180","4"
"Halifax","43555","Unaltered","Lab","16278","Lab","22543","5"
"Haltemprice & Howden","48737","Unaltered","Con","24486","Con","24486","1"
"Halton","41338","Unaltered","Lab","23843","Lab","23843","1"
"Hammersmith","47452","Altered","Lab","20810","Con","25811","6"
"Hampshire East","51317","Unaltered","Con","29137","Con","29137","1"
"Hampshire North East","52939","Unaltered","Con","32075","Con","32075","1"
"Hampshire North West","53292","Unaltered","Con","31072","Con","31072","1"
"Hampstead & Kilburn","52822","Unaltered","Lab","17332","Lab","30555","7"
"Harborough","54945","Unaltered","Con","26894","Con","28924","4"
"Harlow","43878","Unaltered","Con","19691","Con","22611","4"
"Harrogate & Knaresborough","53134","Altered","Con","24305","LD","26679","4"
"Harrow East","48006","Unaltered","Con","21435","Con","25730","4"
"Harrow West","46116","Unaltered","Lab","20111","Lab","28039","4"
"Hartlepool","38242","Unaltered","Lab","16267","Lab","21164","4"
"Harwich & Essex North","49000","Unaltered","Con","23001","Con","26593","5"
"Hastings & Rye","49814","Unaltered","Con","20468","Con","27436","5"
"Havant","43903","Unaltered","Con","22433","Con","22433","1"
"Hayes & Harlington","42637","Unaltered","Lab","23377","Lab","23377","1"
"Hazel Grove","41981","Unaltered","LD","20485","LD","25719","3"
"Hemel Hempstead","49471","Unaltered","Con","24721","Con","25681","3"
"Hemsworth","43840","Unaltered","Lab","20506","Lab","21930","4"
"Hendon","46374","Unaltered","Con","19635","Con","23443","4"
"Henley","53520","Unaltered","Con","30054","Con","30054","1"
"Hereford & Herefordshire South","48381","Unaltered","Con","22366","Con","24990","3"
"Herefordshire North","47568","Unaltered","Con","24631","Con","24631","1"
"Hertford & Stortford","55377","Unaltered","Con","29810","Con","29810","1"
"Hertfordshire North East","50425","Unaltered","Con","26995","Con","26995","1"
"Hertfordshire South West","56750","Unaltered","Con","30773","Con","30773","1"
"Hertsmere","47270","Unaltered","Con","26476","Con","26476","1"
"Hexham","43483","Altered","Con","18795","LD","21260","5"
"Heywood & Middleton","46125","Unaltered","Lab","18499","Lab","26330","5"
"High Peak","50337","Unaltered","Con","20587","Con","27726","6"
"Hitchin & Harpenden","54707","Unaltered","Con","29869","Con","29869","1"
"Holborn & St Pancras","54649","Unaltered","Lab","25198","Lab","26678","8"
"Hornchurch & Upminster","53390","Unaltered","Con","27469","Con","27469","1"
"Hornsey & Wood Green","55042","Unaltered","LD","25595","LD","36030","5"
"Horsham","55841","Unaltered","Con","29447","Con","29447","1"
"Houghton & Sunderland South","38021","Unaltered","Lab","19137","Lab","19137","1"
"Hove","49819","Altered","Con","18294","Lab","26780","5"
"Huddersfield","40524","Unaltered","Lab","15725","Lab","21954","5"
"Hull East","34184","Unaltered","Lab","16387","Lab","18361","5"
"Hull North","33291","Altered","Lab","13044","LD","17132","6"
"Hull West & Hessle","31505","Altered","Lab","13378","Con","16142","6"
"Huntingdon","54266","Unaltered","Con","26516","Con","30049","6"
"Hyndburn","42672","Altered","Lab","17531","Con","23066","8"
"Ilford North","47018","Unaltered","Con","21506","Con","24378","5"
"Ilford South","51191","Unaltered","Lab","25301","Lab","26299","4"
"Inverclyde","37512","Unaltered","Lab","20993","Lab","20993","1"
"Inverness, Nairn, Badenoch & Strathspey","47086","Unaltered","LD","19172","LD","26239","7"
"Ipswich","46941","Altered","Con","18371","Lab","25623","8"
"Isle of Wight","70264","Unaltered","Con","32810","Con","35207","8"
"Islington North","44554","Unaltered","Lab","24276","Lab","24276","1"
"Islington South & Finsbury","43555","Altered","Lab","18407","LD","21582","6"
"Islwyn","34684","Unaltered","Lab","17069","Lab","19786","6"
"Jarrow","38784","Unaltered","Lab","20910","Lab","20910","1"
"Keighley","47692","Unaltered","Con","20003","Con","26240","5"
"Kenilworth & Southam","48431","Unaltered","Con","25945","Con","25945","1"
"Kensington","35150","Unaltered","Con","17595","Con","17595","1"
"Kettering","47328","Unaltered","Con","23247","Con","23957","3"
"Kilmarnock & Loudoun","46553","Unaltered","Lab","24460","Lab","24460","1"
"Kingston & Surbiton","57111","Unaltered","LD","28428","LD","28927","4"
"Kingswood","47906","Unaltered","Con","19362","Con","26146","6"
"Kirkcaldy & Cowdenbeath","45802","Unaltered","Lab","29559","Lab","29559","1"
"Knowsley","44658","Unaltered","Lab","31650","Lab","31650","1"
"Lagan Valley","36540","Unaltered","DUP","18199","DUP","20284","5"
"Lanark & Hamilton East","46554","Unaltered","Lab","23258","Lab","25931","4"
"Lancashire West","48473","Unaltered","Lab","21883","Lab","25707","5"
"Lancaster & Fleetwood","42701","Altered","Con","15404","Lab","23073","6"
"Leeds Central","37394","Unaltered","Lab","18434","Lab","22347","5"
"Leeds East","37813","Unaltered","Lab","19056","Lab","19056","1"
"Leeds North East","47535","Unaltered","Lab","20287","Lab","27231","5"
"Leeds North West","43483","Unaltered","LD","20653","LD","30166","7"
"Leeds West","38752","Unaltered","Lab","16389","Lab","27594","5"
"Leicester East","47995","Unaltered","Lab","25804","Lab","25804","1"
"Leicester South","47124","Altered","Lab","21479","LD","23310","5"
"Leicester West","35819","Altered","Lab","13745","Con","18835","9"
"Leicestershire North West","51952","Unaltered","Con","23147","Con","27397","3"
"Leicestershire South","54577","Unaltered","Con","27000","Con","28501","2"
"Leigh","44332","Unaltered","Lab","21295","Lab","23355","7"
"Lewes","50088","Unaltered","LD","26048","LD","26048","1"
"Lewisham Deptford","41220","Unaltered","Lab","22132","Lab","22132","1"
"Lewisham East","41719","Altered","Lab","17966","LD","21600","6"
"Lewisham West & Penge","45028","Altered","Lab","18501","LD","24621","5"
"Leyton & Wanstead","40159","Altered","Lab","17511","LD","20181","7"
"Lichfield","51563","Unaltered","Con","28048","Con","28048","1"
"Lincoln","45721","Unaltered","Con","17163","Con","27081","6"
"Linlithgow & Falkirk East","51450","Unaltered","Lab","25634","Lab","32223","3"
"Liverpool Riverside","38801","Unaltered","Lab","22998","Lab","22998","1"
"Liverpool Walton","34335","Unaltered","Lab","24709","Lab","24709","1"
"Liverpool Wavertree","37914","Unaltered","Lab","20132","Lab","20132","1"
"Liverpool West Derby","35784","Unaltered","Lab","22953","Lab","22953","1"
"Livingston","47907","Unaltered","Lab","23215","Lab","27447","6"
"Llanelli","37461","Unaltered","Lab","15916","Lab","16875","4"
"Londonderry East","34950","Unaltered","DUP","12097","DUP","16162","5"
"Loughborough","52838","Unaltered","Con","21971","Con","32188","4"
"Louth & Horncastle","50494","Unaltered","Con","25065","Con","25582","2"
"Ludlow","48732","Unaltered","Con","25720","Con","25720","1"
"Luton North","43018","Unaltered","Lab","21192","Lab","21549","2"
"Luton South","42216","Altered","Lab","14725","Con","21869","11"
"Macclesfield","50059","Unaltered","Con","23503","Con","24921","5"
"Maidenhead","53720","Unaltered","Con","31937","Con","31937","1"
"Maidstone & The Weald","48928","Unaltered","Con","23491","Con","25771","5"
"Makerfield","43771","Unaltered","Lab","20700","Lab","27782","5"
"Maldon","47895","Unaltered","Con","28661","Con","28661","1"
"Manchester Central","39927","Unaltered","Lab","21059","Lab","21059","1"
"Manchester Gorton","38325","Unaltered","Lab","19211","Lab","19211","1"
"Manchester Withington","45031","Unaltered","LD","20110","LD","25715","6"
"Mansfield","48395","Unaltered","Lab","18753","Lab","24376","5"
"Meon Valley","51238","Unaltered","Con","28818","Con","28818","1"
"Meriden","52162","Unaltered","Con","26956","Con","26956","1"
"Merthyr Tydfil & Rhymney","32076","Unaltered","Lab","14007","Lab","15235","7"
"Middlesbrough","33455","Unaltered","Lab","15351","Lab","18708","5"
"Middlesbrough South & Cleveland East","46214","Altered","Lab","18138","Con","25002","5"
"Midlothian","39242","Unaltered","Lab","18449","Lab","18899","7"
"Milton Keynes North","53888","Unaltered","Con","23419","Con","35522","8"
"Milton Keynes South","55333","Unaltered","Con","23034","Con","31812","7"
"Mitcham & Morden","43797","Unaltered","Lab","24722","Lab","24722","1"
"Mole Valley","54324","Unaltered","Con","31263","Con","31263","1"
"Monmouth","46519","Unaltered","Con","22466","Con","23592","3"
"Montgomeryshire","33813","Unaltered","Con","13976","Con","17596","6"
"Moray","41004","Altered","SNP","16273","Con","17724","4"
"Morecambe & Lunesdale","43436","Altered","Con","18035","Lab","22127","4"
"Morley & Outwood","48856","Altered","Lab","18365","Con","26405","4"
"Motherwell & Wishaw","39123","Unaltered","Lab","23910","Lab","23910","1"
"Na h-Eileanan an Iar (Western Isles)","14717","Unaltered","SNP","6723","SNP","6723","4"
"Neath","37122","Unaltered","Lab","17172","Lab","19958","4"
"New Forest East","50036","Unaltered","Con","26443","Con","26443","1"
"New Forest West","47572","Unaltered","Con","27980","Con","27980","1"
"Newark","51228","Unaltered","Con","27590","Con","27590","1"
"Newbury","58589","Unaltered","Con","33057","Con","33057","1"
"Newcastle-under-Lyme","43191","Unaltered","Lab","16393","Lab","22692","3"
"Newcastle upon Tyne Central","34157","Unaltered","Lab","15694","Lab","22315","5"
"Newcastle upon Tyne East","37840","Altered","Lab","17043","LD","18962","5"
"Newcastle upon Tyne North","43946","Altered","Lab","17950","LD","22664","5"
"Newport East","34448","Altered","Lab","12744","LD","17060","6"
"Newport West","39720","Altered","Lab","16389","Con","20682","6"
"Newry & Armagh","44906","Unaltered","SF","18857","SF","27679","5"
"Newton Abbot","48283","Unaltered","Con","20774","Con","23862","5"
"Norfolk Mid","50765","Unaltered","Con","25123","Con","26384","2"
"Norfolk North","49661","Unaltered","LD","27554","LD","27554","1"
"Norfolk North West","47800","Unaltered","Con","25916","Con","25916","1"
"Norfolk South","54993","Unaltered","Con","27133","Con","27961","3"
"Norfolk South West","49150","Unaltered","Con","23753","Con","25075","3"
"Normanton, Pontefract & Castleford","46239","Unaltered","Lab","22293","Lab","28009","4"
"Northampton North","40271","Unaltered","Con","13735","Con","21894","8"
"Northampton South","38978","Unaltered","Con","15917","Con","26011","9"
"Northamptonshire South ","59890","Unaltered","Con","33081","Con","33081","1"
"Norwich North","42573","Unaltered","Con","17280","Con","23817","7"
"Norwich South","47551","Unaltered","LD","13960","LD","28430","6"
"Nottingham East","33112","Unaltered","Lab","15022","Lab","24003","5"
"Nottingham North","34285","Unaltered","Lab","16646","Lab","21072","4"
"Nottingham South","40789","Altered","Lab","15209","Con","20305","5"
"Nuneaton","44646","Unaltered","Con","18536","Con","22959","3"
"Ochil & South Perthshire","50469","Unaltered","Lab","19131","Lab","25494","5"
"Ogmore","34650","Unaltered","Lab","18644","Lab","18644","1"
"Old Bexley & Sidcup","45492","Unaltered","Con","24625","Con","24625","1"
"Oldham East & Saddleworth","44520","Altered","Lab","14186","Con","22709","5"
"Oldham West & Royton","42910","Unaltered","Lab","19503","Lab","26342","5"
"Orkney & Shetland","19346","Unaltered","LD","11989","LD","11989","1"
"Orpington","48911","Unaltered","Con","29200","Con","29200","1"
"Oxford East","51651","Altered","Lab","21938","LD","27372","6"
"Oxford West & Abingdon","56480","Altered","Con","23906","LD","30598","5"
"Paisley & Renfrewshire North","43707","Unaltered","Lab","23613","Lab","23613","1"
"Paisley & Renfrewshire South","39998","Unaltered","Lab","23842","Lab","23842","1"
"Pendle","45045","Unaltered","Con","17512","Con","28703","5"
"Penistone & Stocksbridge","46516","Unaltered","Lab","17565","Lab","24862","5"
"Penrith & The Border","45087","Unaltered","Con","24071","Con","24071","1"
"Perth & North Perthshire","48268","Altered","SNP","19118","Con","19174","4"
"Peterborough","44927","Unaltered","Con","18133","Con","28524","6"
"Plymouth Moor View","41526","Altered","Lab","15433","Con","23696","6"
"Plymouth Sutton & Devonport","43894","Unaltered","Con","15050","Con","23369","6"
"Pontypridd","36671","Altered","Lab","14220","LD","18895","7"
"Poole","47436","Unaltered","Con","22532","Con","23720","3"
"Poplar & Limehouse","46700","Unaltered","Lab","18679","Lab","23801","9"
"Portsmouth North","44118","Unaltered","Con","19533","Con","22385","5"
"Portsmouth South","41264","Unaltered","LD","18921","LD","25277","7"
"Preseli Pembrokeshire","39602","Unaltered","Con","16944","Con","23503","4"
"Preston","32505","Unaltered","Lab","15668","Lab","23603","5"
"Pudsey","49083","Unaltered","Con","18874","Con","31868","4"
"Putney","40785","Unaltered","Con","21223","Con","21223","1"
"Rayleigh & Wickford","52343","Unaltered","Con","30257","Con","30257","1"
"Reading East","49985","Altered","Con","21269","LD","27462","6"
"Reading West","47530","Unaltered","Con","20523","Con","24381","5"
"Redcar","41963","Unaltered","LD","18955","LD","24745","5"
"Redditch","44018","Unaltered","Con","19138","Con","23812","9"
"Reigate","49978","Unaltered","Con","26688","Con","26688","1"
"Renfrewshire East","51181","Unaltered","Lab","25987","Lab","25987","1"
"Rhondda","31072","Unaltered","Lab","17183","Lab","17183","1"
"Ribble Valley","52287","Unaltered","Con","26298","Con","26298","1"
"Richmond (Yorks)","53412","Unaltered","Con","33541","Con","33541","1"
"Richmond Park","59268","Unaltered","Con","29461","Con","30263","5"
"Rochdale","45907","Altered","Lab","16699","LD","24115","6"
"Rochester & Strood","47971","Unaltered","Con","23604","Con","25786","3"
"Rochford & Southend East","41631","Unaltered","Con","19509","Con","21365","4"
"Romford","46481","Unaltered","Con","26031","Con","26031","1"
"Romsey & Southampton North","48939","Unaltered","Con","24345","Con","25634","2"
"Ross, Skye & Lochaber","34838","Unaltered","LD","18335","LD","18335","1"
"Rossendale & Darwen","47128","Unaltered","Con","19691","Con","27272","7"
"Rother Valley","46758","Altered","Lab","19147","Con","27611","4"
"Rotherham","37506","Unaltered","Lab","16741","Lab","19779","5"
"Rugby","47468","Unaltered","Con","20901","Con","29737","5"
"Ruislip, Northwood & Pinner","50205","Unaltered","Con","28866","Con","28866","1"
"Runnymede & Weybridge","48150","Unaltered","Con","26915","Con","26915","1"
"Rushcliffe","53687","Unaltered","Con","27470","Con","27470","1"
"Rutherglen & Hamilton West","46981","Unaltered","Lab","28566","Lab","28566","1"
"Rutland & Melton","55220","Unaltered","Con","28228","Con","28228","1"
"Saffron Walden","54369","Unaltered","Con","30155","Con","30155","1"
"St Albans","52835","Altered","Con","21533","LD","29274","4"
"St Austell & Newquay","47238","Unaltered","LD","20189","LD","23575","5"
"St Helens North","44556","Unaltered","Lab","23041","Lab","23041","1"
"St Helens South & Whiston","46081","Unaltered","Lab","24364","Lab","24364","1"
"St Ives","45921","Unaltered","LD","19619","LD","24678","6"
"Salford & Eccles","41533","Unaltered","Lab","16655","Lab","27585","7"
"Salisbury","48481","Unaltered","Con","23859","Con","24624","5"
"Scarborough & Whitby","49282","Unaltered","Con","21108","Con","29526","7"
"Scunthorpe","37034","Altered","Lab","14640","Con","18654","5"
"Sedgefield","40222","Unaltered","Lab","18141","Lab","22104","5"
"Sefton Central","48463","Unaltered","Lab","20307","Lab","25166","3"
"Selby & Ainsty","51728","Unaltered","Con","25562","Con","26067","2"
"Sevenoaks","49408","Unaltered","Con","28076","Con","28076","1"
"Sheffield Brightside & Hillsborough","38914","Unaltered","Lab","21400","Lab","21400","1"
"Sheffield Central","41468","Altered","Lab","17138","LD","21929","6"
"Sheffield Hallam","51135","Unaltered","LD","27324","LD","27324","1"
"Sheffield Heeley","40871","Altered","Lab","17409","LD","18683","5"
"Sheffield South East","41408","Unaltered","Lab","20169","Lab","25104","5"
"Sherwood","48954","Unaltered","Con","19211","Con","26092","5"
"Shipley","49427","Unaltered","Con","24002","Con","26470","3"
"Shrewsbury & Atcham","53045","Altered","Con","23313","LD","26572","6"
"Shropshire North","51869","Unaltered","Con","26692","Con","26692","1"
"Sittingbourne & Sheppey","48578","Unaltered","Con","24313","Con","24313","1"
"Skipton & Ripon","54724","Unaltered","Con","27685","Con","27685","1"
"Sleaford & North Hykeham","59530","Unaltered","Con","30719","Con","30719","1"
"Slough","47742","Unaltered","Lab","21884","Lab","25932","5"
"Solihull","55129","Unaltered","LD","23635","LD","28526","5"
"Somerset North","57941","Unaltered","Con","28549","Con","30806","2"
"Somerset North East","51203","Unaltered","Con","21130","Con","28610","4"
"Somerton & Frome","60612","Unaltered","LD","28793","LD","31468","4"
"South Holland & The Deepings","50188","Unaltered","Con","29639","Con","29639","1"
"South Ribble","51458","Unaltered","Con","23396","Con","26345","3"
"South Shields","36518","Unaltered","Lab","18995","Lab","18995","1"
"Southampton Itchen","44412","Unaltered","Lab","16326","Lab","23584","5"
"Southampton Test","44187","Altered","Lab","17001","Con","23729","5"
"Southend West","43606","Unaltered","Con","20086","Con","23679","6"
"Southport","43757","Unaltered","LD","21707","LD","25823","3"
"Spelthorne","47304","Unaltered","Con","22261","Con","26270","7"
"Stafford","50239","Unaltered","Con","22047","Con","29028","5"
"Staffordshire Moorlands","43815","Unaltered","Con","19793","Con","23373","2"
"Staffordshire South","50440","Unaltered","Con","26834","Con","26834","1"
"Stalybridge & Hyde","40879","Unaltered","Lab","16189","Lab","22049","5"
"Stevenage","44651","Unaltered","Con","18491","Con","23710","8"
"Stirling","46841","Unaltered","Lab","19558","Lab","23673","4"
"Stockport","39128","Unaltered","Lab","16697","Lab","22344","5"
"Stockton North","39498","Altered","Lab","16923","Con","19456","6"
"Stockton South","50284","Unaltered","Con","19577","Con","26461","6"
"Stoke-on-Trent Central","32470","Unaltered","Lab","12605","Lab","16152","9"
"Stoke-on-Trent North","40196","Unaltered","Lab","17815","Lab","24935","4"
"Stoke-on-Trent South","39852","Altered","Lab","15446","Con","19227","6"
"Stone","47229","Unaltered","Con","23890","Con","23890","1"
"Stourbridge","47234","Unaltered","Con","20153","Con","23952","5"
"Strangford","32505","Unaltered","DUP","14926","DUP","17020","5"
"Stratford-on-Avon","50542","Unaltered","Con","26052","Con","26052","1"
"Streatham","46837","Altered","Lab","20037","LD","26013","6"
"Stretford & Urmston","44910","Unaltered","Lab","21821","Lab","22519","3"
"Stroud","57973","Altered","Con","23679","Lab","30578","5"
"Suffolk Central & Ipswich North","53420","Unaltered","Con","27125","Con","27125","1"
"Suffolk Coastal","54893","Unaltered","Con","25475","Con","28631","3"
"Suffolk South","51416","Unaltered","Con","24550","Con","28187","2"
"Suffolk West","48089","Unaltered","Con","24312","Con","24312","1"
"Sunderland Central","42463","Unaltered","Lab","19495","Lab","23083","4"
"Surrey East","54640","Unaltered","Con","31007","Con","31007","1"
"Surrey Heath","54347","Unaltered","Con","31326","Con","31326","1"
"Surrey South West","57259","Unaltered","Con","33605","Con","33605","1"
"Sussex Mid","55855","Unaltered","Con","28329","Con","28329","1"
"Sutton & Cheam","48508","Unaltered","LD","22156","LD","25778","9"
"Sutton Coldfield","50589","Unaltered","Con","27303","Con","27303","1"
"Swansea East","32676","Unaltered","Lab","16819","Lab","16819","1"
"Swansea West","35593","Altered","Lab","12335","LD","20624","8"
"Swindon North","50295","Unaltered","Con","22408","Con","25792","4"
"Swindon South","47119","Unaltered","Con","19687","Con","23827","6"
"Tamworth","46390","Unaltered","Con","21238","Con","23491","3"
"Tatton","45231","Unaltered","Con","24687","Con","24687","1"
"Taunton Deane","58150","Unaltered","LD","28531","LD","31498","3"
"Telford","41310","Altered","Lab","15974","Con","23205","4"
"Tewkesbury","53961","Unaltered","Con","25472","Con","27786","4"
"Thanet North","43343","Unaltered","Con","22826","Con","22826","1"
"Thanet South","45933","Unaltered","Con","22043","Con","24572","2"
"Thirsk & Malton","38142","Unaltered","Con","20167","Con","20167","1"
"Thornbury & Yate","48226","Unaltered","LD","25032","LD","25032","1"
"Thurrock","45821","Unaltered","Con","16869","Con","22995","4"
"Tiverton & Honiton","54894","Unaltered","Con","27614","Con","27614","1"
"Tonbridge & Malling","51314","Unaltered","Con","29723","Con","29723","1"
"Tooting","50655","Altered","Lab","22038","Con","25771","6"
"Torbay","49210","Unaltered","LD","23126","LD","26825","5"
"Torfaen","37640","Unaltered","Lab","16847","Lab","19173","7"
"Totnes","47843","Unaltered","Con","21940","Con","25454","6"
"Tottenham","40687","Unaltered","Lab","24128","Lab","24128","1"
"Truro & Falmouth","48768","Altered","Con","20349","LD","25469","5"
"Tunbridge Wells","50320","Unaltered","Con","28302","Con","28302","1"
"Twickenham","59721","Unaltered","LD","32483","LD","32483","1"
"Tynemouth","52668","Unaltered","Lab","23860","Lab","32116","5"
"Tyneside North","46405","Unaltered","Lab","23505","Lab","23505","1"
"Tyrone West","37275","Unaltered","SF","18050","SF","23771","5"
"Ulster Mid","40842","Unaltered","SF","21239","SF","21239","1"
"Upper Bann","41383","Unaltered","DUP","14000","DUP","14910","4"
"Uxbridge & Ruislip South","45076","Unaltered","Con","21758","Con","23596","5"
"Vale of Clwyd","35534","Unaltered","Lab","15017","Lab","19867","6"
"Vale of Glamorgan","48667","Unaltered","Con","20341","Con","25714","6"
"Vauxhall","43191","Unaltered","Lab","21498","Lab","21641","4"
"Wakefield","44444","Altered","Lab","17454","Con","22042","5"
"Wallasey","41654","Unaltered","Lab","21578","Lab","21578","1"
"Walsall North","36187","Altered","Lab","13385","Con","20655","6"
"Walsall South","40882","Unaltered","Lab","16211","Lab","20618","5"
"Walthamstow","40994","Unaltered","Lab","21252","Lab","21252","1"
"Wansbeck","38273","Unaltered","Lab","17548","Lab","17849","7"
"Wantage","56341","Unaltered","Con","29284","Con","29284","1"
"Warley","38270","Unaltered","Lab","20240","Lab","20240","1"
"Warrington North","44211","Unaltered","Lab","20135","Lab","24744","3"
"Warrington South","54874","Altered","Con","19641","Lab","29754","4"
"Warwick & Leamington","49032","Unaltered","Con","20876","Con","28515","5"
"Warwickshire North","47265","Unaltered","Con","18993","Con","25476","5"
"Washington & Sunderland West","37334","Unaltered","Lab","19615","Lab","19615","1"
"Watford","55208","Altered","Con","19291","LD","33291","5"
"Waveney","51141","Unaltered","Con","20571","Con","26685","5"
"Wealden","54969","Unaltered","Con","31090","Con","31090","1"
"Weaver Vale","43990","Unaltered","Con","16953","Con","27230","8"
"Wellingborough","51661","Unaltered","Con","24918","Con","27044","7"
"Wells","55864","Unaltered","LD","24560","LD","29389","5"
"Welwyn Hatfield","48972","Unaltered","Con","27894","Con","27894","1"
"Wentworth & Dearne","42106","Unaltered","Lab","21316","Lab","21316","1"
"West Bromwich East","37950","Unaltered","Lab","17657","Lab","21400","5"
"West Bromwich West","36171","Unaltered","Lab","16263","Lab","18417","4"
"West Ham","46951","Unaltered","Lab","29422","Lab","29422","1"
"Westminster North","39598","Unaltered","Lab","17377","Lab","20641","9"
"Westmorland & Lonsdale","51487","Unaltered","LD","30896","LD","30896","1"
"Weston-Super-Mare","52716","Altered","Con","23356","LD","26437","6"
"Wigan","44140","Unaltered","Lab","21404","Lab","26496","4"
"Wiltshire North","48699","Unaltered","Con","25114","Con","25114","1"
"Wiltshire South West","49018","Unaltered","Con","25321","Con","25321","1"
"Wimbledon","47395","Unaltered","Con","23257","Con","24171","4"
"Winchester","55955","Unaltered","Con","27155","Con","28797","3"
"Windsor","49588","Unaltered","Con","30172","Con","30172","1"
"Wirral South","39906","Altered","Lab","16276","Con","22016","3"
"Wirral West","39372","Unaltered","Con","16726","Con","22588","5"
"Witham","46835","Unaltered","Con","24448","Con","24448","1"
"Witney","57769","Unaltered","Con","33973","Con","33973","1"
"Woking","52786","Unaltered","Con","26551","Con","26551","1"
"Wokingham","54528","Unaltered","Con","28754","Con","28754","1"
"Wolverhampton North East","34894","Altered","Lab","14448","Con","17179","5"
"Wolverhampton South East","34707","Unaltered","Lab","16505","Lab","19165","4"
"Wolverhampton South West","40160","Unaltered","Con","16344","Con","21030","4"
"Worcester","48974","Unaltered","Con","19358","Con","24291","8"
"Worcestershire Mid","50931","Unaltered","Con","27770","Con","27770","1"
"Worcestershire West","54093","Unaltered","Con","27213","Con","27213","1"
"Workington","39259","Unaltered","Lab","17865","Lab","23183","5"
"Worsley & Eccles South","41701","Unaltered","Lab","17892","Lab","21283","4"
"Worthing East & Shoreham","48397","Unaltered","Con","23458","Con","26831","4"
"Worthing West","49123","Unaltered","Con","25416","Con","25416","1"
"Wrekin, The","45968","Unaltered","Con","21922","Con","23427","2"
"Wrexham","32976","Unaltered","Lab","12161","Lab","17451","5"
"Wycombe","48151","Unaltered","Con","23423","Con","25546","4"
"Wyre & Preston North","51308","Unaltered","Con","26877","Con","26877","1"
"Wyre Forest","50899","Unaltered","Con","18793","Con","24418","5"
"Wythenshawe & Sale East","40751","Altered","Lab","17987","Con","20243","5"
"Yeovil","57160","Unaltered","LD","31843","LD","31843","1"
"Ynys Mon","34444","Unaltered","Lab","11490","Lab","18890","6"
"York Central","46483","Altered","Lab","18573","Con","26206","6"
"York Outer","53300","Altered","Con","22912","LD","28332","4"
"Yorkshire East","51254","Unaltered","Con","24328","Con","26193","4"
